<?xml version="1.0" encoding="utf-8"?>
<extension type="component" version="2.5" method="upgrade">
	<name>Ajax</name>
	<creationDate>May 20, 2013</creationDate>
	<author>Matt Thomas</author>
	<authorUrl>http://betweenbrain.com</authorUrl>
	<copyright>Copyright (C) 2013 betweenbrain llc. All rights reserved.</copyright>
	<version>0.1</version>
	<description>A Joomla Ajax interface</description>

	<files folder="site">
		<filename>ajax.php</filename>
		<filename>index.html</filename>
	</files>

	<administration>
		<files folder="admin">
			<filename>ajax.php</filename>
			<filename>index.html</filename>
		</files>
	</administration>
</extension>